--
-- PostgreSQL database dump
--

-- Dumped from database version 9.4.22
-- Dumped by pg_dump version 10.6 (Ubuntu 10.6-0ubuntu0.18.04.1)

SET statement_timeout = 0;
SET lock_timeout = 0;
SET idle_in_transaction_session_timeout = 0;
SET client_encoding = 'UTF8';
SET standard_conforming_strings = on;
SELECT pg_catalog.set_config('search_path', '', false);
SET check_function_bodies = false;
SET client_min_messages = warning;
SET row_security = off;

--
-- Name: bikesharing; Type: SCHEMA; Schema: -; Owner: db2018001
--

CREATE SCHEMA bikesharing;

--
-- Name: plpgsql; Type: EXTENSION; Schema: -; Owner: 
--

CREATE EXTENSION IF NOT EXISTS plpgsql WITH SCHEMA pg_catalog;


--
-- Name: EXTENSION plpgsql; Type: COMMENT; Schema: -; Owner: 
--

COMMENT ON EXTENSION plpgsql IS 'PL/pgSQL procedural language';


--
-- Name: kurang_poin(); Type: FUNCTION; Schema: bikesharing; Owner: db2018001
--

CREATE FUNCTION bikesharing.kurang_poin() RETURNS trigger
    LANGUAGE plpgsql
    AS $$
BEGIN
IF (TG_OP = 'INSERT') THEN
UPDATE ANGGOTA SET points = points - NEW.nilai_poin WHERE no_kartu = NEW.no_kartu_anggota;
RETURN NEW;
END IF;
END;
$$;

--
-- Name: tambah_poin(); Type: FUNCTION; Schema: bikesharing; Owner: db2018001
--

CREATE FUNCTION bikesharing.tambah_poin() RETURNS trigger
    LANGUAGE plpgsql
    AS $$
BEGIN
IF (TG_OP = 'INSERT') THEN
IF (NEW.datetime_kembali - NEW.datetime_pinjam <= '10:00:00') THEN
UPDATE ANGGOTA SET points = points + 1000 WHERE no_kartu = NEW.no_kartu_anggota;
RETURN NEW;
END IF;
RETURN NEW;
END IF;
END;
$$;


--
-- Name: update_denda(); Type: FUNCTION; Schema: bikesharing; Owner: db2018001
--

CREATE FUNCTION bikesharing.update_denda() RETURNS trigger
    LANGUAGE plpgsql
    AS $$
DECLARE
DAY_MASUK INTEGER;
DAY_KEMBALI INTEGER;
JAM_MASUK INTEGER;
JAM_KEMBALI INTEGER;
TOTAL_JAM INTEGER;
is_denda_lv_1 BOOLEAN;
is_denda_lv_2 BOOLEAN;
is_denda_max BOOLEAN;
BEGIN 
IF(TG_OP = 'INSERT') THEN
SELECT EXTRACT(DAY FROM NEW.datetime_pinjam) INTO DAY_MASUK;
SELECT EXTRACT(HOUR FROM NEW.datetime_pinjam) INTO JAM_MASUK;
SELECT EXTRACT(DAY FROM NEW.datetime_kembali) INTO DAY_KEMBALI;
SELECT EXTRACT(HOUR FROM NEW.datetime_kembali) INTO JAM_KEMBALI;
IF DAY_KEMBALI - DAY_MASUK > 0 THEN
IF JAM_BALIK < JAM_MASUK THEN
TOTAL_JAM := JAM_KEMBALI-JAM_MASUK+24;
is_denda_lv_2 := TRUE;
ELSIF JAM_BALIK >= JAM_MASUK THEN
is_denda_max := TRUE;
END IF;
ELSIF DAY_KEMBALI - DAY_MASUK <= 0 THEN
is_denda_lv_1 := TRUE;
TOTAL_JAM := JAM_KEMBALI - JAM_MASUK;
END IF;

IF is_denda_lv_1 OR is_denda_lv_2 THEN
UPDATE PEMINJAMAN
SET denda = 50000*(TOTAL_JAM/2);
ELSIF is_denda_max THEN
UPDATE PEMINJAMAN
SET denda = 3000000;
END IF;
RETURN NEW;
END IF; 
END
$$;

--
-- Name: update_saldo(); Type: FUNCTION; Schema: bikesharing; Owner: db2018001
--

CREATE FUNCTION bikesharing.update_saldo() RETURNS trigger
    LANGUAGE plpgsql
    AS $$
BEGIN
IF (TG_OP = 'INSERT') THEN
IF (NEW.jenis = 'Top up') THEN 
UPDATE ANGGOTA SET saldo = saldo + NEW.nominal WHERE no_kartu = NEW.no_kartu_anggota;
RETURN NEW;
END IF;
UPDATE ANGGOTA SET saldo = saldo - NEW.nominal WHERE no_kartu = NEW.no_kartu_anggota;
RETURN NEW;
END IF;
END;
$$;

SET default_tablespace = '';

SET default_with_oids = false;

--
-- Name: acara; Type: TABLE; Schema: bikesharing; Owner: db2018001
--

CREATE TABLE bikesharing.acara (
    id_acara character varying(10) NOT NULL,
    judul character varying(100) NOT NULL,
    deskripsi text,
    tgl_mulai date NOT NULL,
    tgl_akhir date NOT NULL,
    is_free boolean NOT NULL
);


--
-- Name: acara_stasiun; Type: TABLE; Schema: bikesharing; Owner: db2018001
--

CREATE TABLE bikesharing.acara_stasiun (
    id_stasiun character varying(10) NOT NULL,
    id_acara character varying(10) NOT NULL
);


--
-- Name: anggota; Type: TABLE; Schema: bikesharing; Owner: db2018001
--

CREATE TABLE bikesharing.anggota (
    no_kartu character varying(10) NOT NULL,
    saldo real,
    points integer,
    ktp character varying(20) NOT NULL,
    CONSTRAINT anggota_points_check CHECK ((points >= 0)),
    CONSTRAINT anggota_saldo_check CHECK ((saldo >= (0)::double precision))
);


--
-- Name: laporan; Type: TABLE; Schema: bikesharing; Owner: db2018001
--

CREATE TABLE bikesharing.laporan (
    id_laporan character varying(10) NOT NULL,
    no_kartu_anggota character varying(10) NOT NULL,
    datetime_pinjam timestamp without time zone NOT NULL,
    nomor_sepeda character varying(10) NOT NULL,
    id_stasiun character varying(10) NOT NULL,
    status character varying(20) NOT NULL
);

--
-- Name: peminjaman; Type: TABLE; Schema: bikesharing; Owner: db2018001
--

CREATE TABLE bikesharing.peminjaman (
    no_kartu_anggota character varying(10) NOT NULL,
    datetime_pinjam timestamp without time zone NOT NULL,
    nomor_sepeda character varying(10) NOT NULL,
    id_stasiun character varying(10) NOT NULL,
    datetime_kembali timestamp without time zone,
    biaya real,
    denda real DEFAULT 0
);

--
-- Name: penugasan; Type: TABLE; Schema: bikesharing; Owner: db2018001
--

CREATE TABLE bikesharing.penugasan (
    ktp character varying(20) NOT NULL,
    start_datetime timestamp without time zone NOT NULL,
    id_stasiun character varying(10) NOT NULL,
    end_datetime timestamp without time zone NOT NULL
);



--
-- Name: person; Type: TABLE; Schema: bikesharing; Owner: db2018001
--

CREATE TABLE bikesharing.person (
    ktp character varying(20) NOT NULL,
    email character varying(50) NOT NULL,
    nama character varying(50) NOT NULL,
    alamat text,
    tgl_lahir date NOT NULL,
    no_telp character varying(20)
);

--
-- Name: petugas; Type: TABLE; Schema: bikesharing; Owner: db2018001
--

CREATE TABLE bikesharing.petugas (
    ktp character varying(20) NOT NULL,
    gaji real NOT NULL
);


--
-- Name: sepeda; Type: TABLE; Schema: bikesharing; Owner: db2018001
--

CREATE TABLE bikesharing.sepeda (
    nomor character varying(10) NOT NULL,
    merk character varying(10) NOT NULL,
    jenis character varying(50) NOT NULL,
    status boolean NOT NULL,
    id_stasiun character varying(10) NOT NULL,
    no_kartu_penyumbang character varying(20) NOT NULL
);


--
-- Name: stasiun; Type: TABLE; Schema: bikesharing; Owner: db2018001
--

CREATE TABLE bikesharing.stasiun (
    id_stasiun character varying(10) NOT NULL,
    alamat text NOT NULL,
    lat real,
    long real,
    nama character varying(50) NOT NULL
);

--
-- Name: transaksi; Type: TABLE; Schema: bikesharing; Owner: db2018001
--

CREATE TABLE bikesharing.transaksi (
    no_kartu_anggota character varying(10) NOT NULL,
    date_time timestamp without time zone NOT NULL,
    jenis character varying(20) NOT NULL,
    nominal real NOT NULL
);

--
-- Name: transaksi_khusus_peminjaman; Type: TABLE; Schema: bikesharing; Owner: db2018001
--

CREATE TABLE bikesharing.transaksi_khusus_peminjaman (
    no_kartu_anggota character varying(10) NOT NULL,
    date_time timestamp without time zone NOT NULL,
    no_kartu_peminjam character varying(10),
    datetime_pinjam timestamp without time zone,
    no_sepeda character varying(10),
    id_stasiun character varying(10)
);

--
-- Name: voucher; Type: TABLE; Schema: bikesharing; Owner: db2018001
--

CREATE TABLE bikesharing.voucher (
    id_voucher character varying(10) NOT NULL,
    nama character varying(255) NOT NULL,
    kategori character varying(255) NOT NULL,
    nilai_poin real NOT NULL,
    deskripsi text,
    no_kartu_anggota character varying(10)
);


--
-- Data for Name: acara; Type: TABLE DATA; Schema: bikesharing; Owner: db2018001
--

COPY bikesharing.acara (id_acara, judul, deskripsi, tgl_mulai, tgl_akhir, is_free) FROM stdin;
1	Tutorial Basdat Bang Basdat	Lorem ipsum dolor sit amet, consectetuer adipiscing elit. Curabitur	2018-09-06	2018-09-07	f
2	Kampanye Faisal Belanja	Lorem ipsum dolor	2018-05-04	2018-05-04	f
3	Tamasya keliling Database	Lorem ipsum dolor sit amet, consectetuer adipiscing elit. Curabitur sed	2018-07-17	2018-07-17	f
4	Tamasya Dangdut Bersama	Lorem ipsum dolor sit amet, consectetuer	2019-07-01	2019-08-05	f
5	Gerakan Faisal Menari	Lorem ipsum dolor sit amet, consectetuer	2018-04-27	2018-04-28	f
6	Dangdut Melodi Mikhael	Lorem ipsum dolor sit amet, consectetuer adipiscing elit. Curabitur	2020-02-19	2020-02-20	f
7	Aksi Goyang Basdat	Lorem ipsum dolor sit amet, consectetuer adipiscing elit.	2019-05-29	2019-05-29	t
8	Aksi Stand up Comedy Faisal	Lorem ipsum dolor sit amet, consectetuer adipiscing elit. Curabitur sed	2018-07-13	2018-07-15	f
9	Demo Belanja Kerak Telor	Lorem ipsum dolor sit	2018-09-30	2019-04-29	f
10	Makan Database Thia	Lorem	2019-12-22	2019-12-22	t
\.


--
-- Data for Name: acara_stasiun; Type: TABLE DATA; Schema: bikesharing; Owner: db2018001
--

COPY bikesharing.acara_stasiun (id_stasiun, id_acara) FROM stdin;
1	1
1	2
2	3
2	9
3	8
3	9
5	5
5	3
7	5
7	4
8	10
8	1
9	4
11	7
12	10
12	6
12	9
14	4
15	1
16	2
17	3
19	8
19	9
20	5
\.


--
-- Data for Name: anggota; Type: TABLE DATA; Schema: bikesharing; Owner: db2018001
--

COPY bikesharing.anggota (no_kartu, saldo, points, ktp) FROM stdin;
1234567924	562660	880	318202020600
1234567959	58123	454	318202020601
1234567904	593479	909	318202020602
1234567913	132194	58	318202020603
1234567909	964160	174	318202020604
1234567927	535696	17	318202020605
1234567944	323760	482	318202020606
1234567891	921241	620	318202020607
1234567901	821358	147	318202020608
1234567941	278060	813	318202020609
1234567931	336469	874	318202020610
1234567897	62618	316	318202020611
1234567898	697163	212	318202020612
1234567950	520443	355	318202020613
1234567954	184925	623	318202020614
1234567915	436137	862	318202020615
1234567892	927420	713	318202020616
1234567907	697933	355	318202020617
1234567906	867262	428	318202020618
1234567945	992673	304	318202020619
1234567911	572095	347	318202020620
1234567951	443771	359	318202020621
1234567928	575356	951	318202020622
1234567918	668483	371	318202020623
1234567912	373485	829	318202020624
1234567923	633280	473	318202020625
1234567935	212908	924	318202020626
1234567926	431931	688	318202020627
1234567919	817982	741	318202020628
1234567894	757596	381	318202020629
1234567908	389241	777	318202020630
1234567958	873751	340	318202020631
1234567903	738239	673	318202020632
1234567953	90340	609	318202020633
1234567900	784288	565	318202020634
1234567922	752939	393	318202020635
1234567952	155285	973	318202020636
1234567921	241194	988	318202020637
1234567929	430691	702	318202020638
1234567942	741549	745	318202020639
1234567920	543521	149	318202020640
1234567890	981549	355	318202020641
1234567896	990623	962	318202020642
1234567934	649483	3	318202020643
1234567933	282040	9	318202020644
1234567905	537395	126	318202020645
1234567925	670726	611	318202020646
1234567916	915176	794	318202020647
1234567930	473967	103	318202020648
1234567899	621557	902	318202020649
1234567938	861013	58	318202020650
1234567936	586806	807	318202020651
1234567917	76363	240	318202020652
1234567957	318005	239	318202020653
1234567937	682816	443	318202020654
1234567943	257507	115	318202020655
1234567955	999666	11	318202020656
1234567914	837953	239	318202020657
1234567895	795610	518	318202020658
1234567946	349633	775	318202020659
1234567956	23820	86	318202020660
1234567932	327749	774	318202020661
1234567947	28468	626	318202020662
1234567940	722309	544	318202020663
1234567939	58465	446	318202020664
1234567893	514783	327	318202020665
1234567949	81263	839	318202020666
1234567902	884796	484	318202020667
1234567910	562542	173	318202020668
1234567948	737302	1568	318202020599
TEST14045	\N	\N	1404514045
\.


--
-- Data for Name: laporan; Type: TABLE DATA; Schema: bikesharing; Owner: db2018001
--

COPY bikesharing.laporan (id_laporan, no_kartu_anggota, datetime_pinjam, nomor_sepeda, id_stasiun, status) FROM stdin;
Yg7F	1234567935	2019-08-29 11:48:24	26	6	Masuk
Lt9F	1234567892	2019-07-05 04:27:30	20	4	Diproses
Wn1E	1234567942	2019-10-31 13:50:26	47	13	Selesai
Hd5K	1234567915	2019-06-26 10:55:55	44	5	Selesai
pl0D	1234567890	2019-11-05 06:35:54	7	9	Masuk
Wm84	1234567905	2019-11-26 10:20:44	17	6	Diproses
ng5E	1234567896	2019-11-06 15:53:56	4	17	Masuk
Wz4O	1234567933	2019-11-17 03:05:56	30	18	Selesai
bj5O	1234567892	2019-07-05 04:27:30	20	4	Diproses
qs4Y	1234567942	2019-10-31 13:50:26	47	13	Diproses
\.


--
-- Data for Name: peminjaman; Type: TABLE DATA; Schema: bikesharing; Owner: db2018001
--

COPY bikesharing.peminjaman (no_kartu_anggota, datetime_pinjam, nomor_sepeda, id_stasiun, datetime_kembali, biaya, denda) FROM stdin;
1234567948	2019-04-20 19:00:43	38	11	2019-04-21 19:30:43	24500	0
1234567924	2019-04-21 06:31:04	39	12	2019-04-22 07:01:04	24500	0
1234567959	2019-04-21 12:39:05	43	4	2019-04-23 12:39:05	48000	0
1234567904	2019-04-24 22:48:43	31	17	2019-04-25 22:48:43	24000	0
1234567913	2019-05-02 15:55:53	2	16	2019-05-02 21:55:53	6000	0
1234567909	2019-05-06 20:29:21	48	6	2019-05-06 21:29:21	1000	0
1234567927	2019-05-13 21:58:09	3	2	2019-05-14 22:58:09	25000	0
1234567944	2019-05-25 19:52:47	9	20	2019-05-26 19:52:47	24000	0
1234567891	2019-05-25 20:05:50	13	8	2019-05-26 21:05:50	25000	0
1234567901	2019-05-28 20:52:49	37	10	2019-05-28 21:52:49	1000	0
1234567941	2019-05-28 23:04:40	1	1	2019-05-29 01:04:40	2000	0
1234567931	2019-06-11 10:34:54	18	7	2019-06-12 10:34:54	24000	0
1234567897	2019-06-11 17:37:03	42	1	2019-06-11 20:37:03	3000	0
1234567898	2019-06-14 13:04:50	50	12	2019-06-14 18:04:50	5000	0
1234567950	2019-06-16 03:12:54	33	7	2019-06-16 10:12:54	7000	0
1234567954	2019-06-25 14:58:34	41	14	2019-06-25 15:58:34	1000	0
1234567915	2019-06-26 10:55:55	44	5	2019-06-26 11:55:55	1000	0
1234567892	2019-07-05 04:27:30	20	4	2019-07-08 04:27:30	72000	0
1234567907	2019-07-13 09:41:35	16	20	2019-07-13 10:41:35	1000	0
1234567906	2019-07-15 20:40:40	28	19	2019-07-15 22:40:40	2000	0
1234567945	2019-07-17 18:58:43	24	2	2019-07-22 00:58:43	102000	0
1234567911	2019-07-23 07:00:50	45	4	2019-07-23 09:00:50	2000	0
1234567951	2019-08-04 22:28:32	34	13	2019-08-05 22:28:32	24000	0
1234567928	2019-08-14 23:38:27	32	18	2019-08-15 00:38:27	1000	0
1234567918	2019-08-22 10:33:55	23	5	2019-08-22 11:33:55	1000	0
1234567912	2019-08-24 05:23:44	14	15	2019-08-24 07:23:44	2000	0
1234567923	2019-08-27 19:12:08	8	9	2019-08-27 20:12:08	1000	0
1234567935	2019-08-29 11:48:24	26	6	2019-08-29 15:48:24	4000	0
1234567926	2019-08-31 16:41:12	27	10	2019-08-31 20:41:12	4000	0
1234567919	2019-09-04 02:01:22	21	15	2019-09-05 02:01:22	24000	0
1234567894	2019-09-05 12:03:40	6	2	2019-09-08 12:03:40	72000	0
1234567908	2019-09-07 00:19:29	29	3	2019-09-08 00:19:29	24000	0
1234567958	2019-09-09 13:56:20	40	5	2019-09-09 16:56:20	3000	0
1234567903	2019-09-13 04:46:05	46	14	2019-09-13 06:46:05	2000	0
1234567953	2019-09-30 06:31:08	35	16	2019-09-30 23:31:08	17000	0
1234567900	2019-10-08 03:29:08	36	9	2019-10-08 06:29:08	3000	0
1234567922	2019-10-13 17:05:22	11	1	2019-10-13 18:05:22	1000	0
1234567952	2019-10-18 11:18:28	15	19	2019-10-18 15:18:28	4000	0
1234567921	2019-10-24 13:12:44	19	8	2019-10-25 13:12:44	24000	0
1234567929	2019-10-29 21:40:33	25	7	2019-10-29 22:40:33	1000	0
1234567942	2019-10-31 13:50:26	47	13	2019-10-31 19:50:26	6000	0
1234567920	2019-11-02 01:46:40	22	3	2019-11-02 19:46:40	18000	0
1234567890	2019-11-05 06:35:54	7	9	2019-11-05 07:35:54	1000	0
1234567896	2019-11-06 15:53:56	4	17	2019-11-06 16:53:56	1000	0
1234567934	2019-11-14 01:37:58	12	11	2019-11-14 02:37:58	1000	0
1234567933	2019-11-17 03:05:56	30	18	2019-11-18 03:05:56	24000	0
1234567905	2019-11-26 10:20:44	17	6	2019-11-26 11:20:44	1000	0
1234567925	2019-12-05 12:09:20	5	10	2019-12-06 12:09:20	24000	0
1234567916	2019-12-10 03:01:20	49	3	2019-12-10 08:01:20	5000	0
1234567930	2019-12-25 19:13:45	10	8	2019-12-26 19:13:45	24000	0
1234567948	2019-05-05 08:00:00	1	20	2019-05-05 20:00:00	10000	0
1234567948	2019-05-05 18:00:00	1	20	2019-05-05 20:00:00	1000	0
TEST14045	2019-04-22 18:00:43	14045	ST14045	2019-04-20 18:00:43	\N	0
\.


--
-- Data for Name: penugasan; Type: TABLE DATA; Schema: bikesharing; Owner: db2018001
--

COPY bikesharing.penugasan (ktp, start_datetime, id_stasiun, end_datetime) FROM stdin;
318202020669	2019-04-17 09:27:48	1	2019-04-17 22:27:47
318202020684	2019-04-21 23:42:35	2	2019-04-22 06:42:35
318202020696	2019-04-22 19:44:40	3	2019-04-22 23:44:40
318202020673	2019-05-01 02:27:00	4	2019-05-02 02:27:00
318202020683	2019-05-05 22:54:24	5	2019-05-06 04:54:24
318202020686	2019-05-09 13:13:43	6	2019-05-09 20:13:44
318202020698	2019-05-12 15:55:48	7	2019-05-12 23:55:47
318202020685	2019-05-14 18:19:19	8	2019-05-14 23:19:19
318202020679	2019-05-15 11:24:17	9	2019-05-15 23:24:17
318202020693	2019-05-18 11:04:56	10	2019-05-18 18:04:55
318202020688	2019-05-19 10:29:38	11	2019-05-19 15:29:39
318202020681	2019-05-22 03:42:43	12	2019-05-22 06:42:43
318202020694	2019-05-26 19:36:07	13	2019-05-26 23:36:07
318202020690	2019-05-28 12:05:24	14	2019-05-28 18:05:24
318202020695	2019-06-18 10:49:02	15	2019-06-18 20:49:02
318202020687	2019-06-18 13:31:12	16	2019-06-18 20:31:13
318202020697	2019-06-21 11:15:47	17	2019-06-21 21:15:47
318202020675	2019-06-22 22:15:11	18	2019-06-22 23:15:10
318202020678	2019-06-25 07:18:19	19	2019-06-25 12:18:18
318202020691	2019-07-03 11:43:14	20	2019-07-03 16:43:13
318202020670	2019-07-06 10:06:18	3	2019-07-06 13:06:18
318202020674	2019-07-09 13:24:29	4	2019-07-09 20:24:28
318202020671	2019-07-10 18:06:58	5	2019-07-10 20:06:59
318202020672	2019-07-13 21:52:21	6	2019-07-13 23:52:22
318202020676	2019-07-15 15:54:39	7	2019-07-15 22:54:39
318202020680	2019-08-08 06:23:52	8	2019-08-08 12:23:52
318202020692	2019-08-13 03:43:53	9	2019-08-13 05:43:53
318202020677	2019-08-17 13:03:13	10	2019-08-17 22:03:13
318202020689	2019-08-24 08:05:16	11	2019-08-24 12:05:17
318202020682	2019-08-30 19:35:29	12	2019-08-30 21:35:29
\.


--
-- Data for Name: person; Type: TABLE DATA; Schema: bikesharing; Owner: db2018001
--

COPY bikesharing.person (ktp, email, nama, alamat, tgl_lahir, no_telp) FROM stdin;
318202020599	Diana Dejesus	arcu.Morbi.sit@sedsemegestas.net	Ap #514-1922 Libero. Road	1994-03-29	1632021205499
318202020600	Brynne Shelton	Sed.nunc.est@Vestibulum.ca	287 At Road	1968-03-09	1619052671599
318202020601	Damon Gordon	Nam.nulla.magna@NullainterdumCurabitur.ca	P.O. Box 494, 5841 Varius. Av.	1978-05-26	1695122541799
318202020602	Jameson Diaz	risus@rutrumjustoPraesent.org	P.O. Box 696, 4408 Sodales St.	1987-07-19	1617060110099
318202020603	Justina Holman	auctor.vitae@sedfacilisis.ca	225-9177 Ante St.	1965-05-15	1699021813199
318202020604	Maxine Rich	est.congue@egestas.edu	P.O. Box 792, 3052 Purus Ave	1997-05-07	1627123088599
318202020605	Mechelle Dunn	Aliquam.ultrices.iaculis@vehicularisusNulla.org	135-581 Odio Rd.	1960-06-17	1680071324499
318202020606	Wang Dixon	ultrices.Vivamus.rhoncus@nunc.net	P.O. Box 285, 8515 Rutrum, Road	1973-12-24	1686100354499
318202020607	Liberty Stafford	fames.ac.turpis@elitEtiamlaoreet.net	407-9988 Nisl. Av.	1981-11-16	1694102154599
318202020608	Abra Ewing	ullamcorper@ettristique.net	7084 Vitae St.	1987-09-04	1666092761899
318202020609	Simon Barnes	et.rutrum@felis.co.uk	Ap #612-4583 Integer St.	1988-05-23	1621091472499
318202020610	Elvis Frederick	eleifend.nunc@at.edu	P.O. Box 721, 7745 Nunc Ave	1999-11-13	1635070156499
318202020611	Barclay Gilliam	hendrerit.a@enimmi.net	8148 Lorem St.	1962-03-29	1668040735199
318202020612	Brynne Alexander	justo.Praesent@mus.net	P.O. Box 673, 7914 Adipiscing Ave	1979-08-11	1688011050199
318202020613	Byron Mcintosh	et.lacinia.vitae@mipedenonummy.net	121 Elit. Rd.	1961-09-29	1666062428199
318202020614	Yoshio Wilson	magna.a.tortor@erategetipsum.org	7319 Nec St.	1997-12-30	1663042523599
318202020615	Whitney Castro	consequat.nec.mollis@ipsumPhasellusvitae.edu	6521 Luctus St.	1982-05-30	1614051974299
318202020616	Audra Thornton	eros@Proin.org	8023 Imperdiet St.	1960-12-20	1658010430399
318202020617	Daniel Foreman	risus.Morbi.metus@nonhendreritid.net	Ap #906-1299 Neque Ave	1999-06-21	1671011539199
318202020618	Burke Copeland	adipiscing.non@nec.com	696 Tristique Rd.	1983-03-12	1680011796099
318202020619	Taylor Campbell	Donec@etarcuimperdiet.co.uk	P.O. Box 669, 4538 Lacus. Ave	1969-02-13	1611101373999
318202020620	Quail Dalton	scelerisque.neque.Nullam@dictumProineget.net	961-5675 Scelerisque St.	1995-04-09	1612062120799
318202020621	Aphrodite Case	non.lacinia@pellentesquetellus.ca	P.O. Box 756, 9396 Risus. St.	1995-10-22	1621122574999
318202020622	Georgia Puckett	vitae@sitametante.co.uk	P.O. Box 518, 3826 Mi St.	1990-04-28	1609021218499
318202020623	Eugenia Russo	Praesent.eu.dui@dictummagnaUt.net	860-3759 Nunc Rd.	1966-11-24	1692101121899
318202020624	Kiona Cote	luctus.et@DonectinciduntDonec.org	658-3516 Ullamcorper. St.	1993-07-07	1672121546499
318202020625	Lisandra Thomas	mattis@turpisvitae.org	P.O. Box 570, 503 Nibh. St.	1997-05-05	1618081287699
318202020626	TaShya Wilkins	Aliquam.nisl.Nulla@felisorciadipiscing.ca	267-8818 Elit, St.	1989-05-29	1600082220499
318202020627	Timon Allison	ipsum.dolor@acnulla.edu	Ap #779-5432 Adipiscing Street	1963-02-03	1641031746299
318202020628	Patrick Donovan	mauris.Suspendisse.aliquet@NuncmaurisMorbi.ca	1366 Interdum St.	1971-04-14	1664022597699
318202020629	Zane Whitehead	odio.Aliquam.vulputate@ligulaAenean.ca	836-5235 Ac St.	1998-05-20	1610121496499
318202020630	Leandra Good	nulla@pellentesque.ca	9853 Gravida. St.	1959-01-27	1668120780799
318202020631	Libby Ingram	dictum.eu.eleifend@Nuncsollicitudin.com	P.O. Box 526, 4311 In St.	1967-07-08	1695111901999
318202020632	Emerson Hicks	metus.sit.amet@mus.ca	Ap #745-8499 Dolor. St.	1976-09-21	1657021842399
318202020633	Maris Munoz	nisl@Namligula.co.uk	5598 Donec Avenue	1977-09-29	1626051222199
318202020634	Sheila Greene	lectus.a@lobortisnisinibh.co.uk	331-8730 Pellentesque, Street	1962-09-26	1689110421599
318202020635	Bert Moses	neque.et@Sedeu.net	9848 Quam. Rd.	1968-08-05	1652122563199
318202020636	Zenaida Robinson	a.neque@pretiumaliquetmetus.org	338-7444 Morbi St.	1991-12-09	1678121498599
318202020637	Jasper Lambert	consequat@massaQuisqueporttitor.ca	312-3743 Lorem St.	1967-01-02	1698092357599
318202020638	Winifred Sargent	parturient.montes.nascetur@montesnascetur.co.uk	325-3101 Amet St.	1981-07-05	1687113073699
318202020639	Velma Sheppard	laoreet@Aliquamauctorvelit.edu	7564 Velit. Ave	1961-05-20	1675121244299
318202020640	Kennan Mccormick	facilisi.Sed.neque@adipiscingligulaAenean.co.uk	556 Est, St.	1997-07-03	1673082689399
318202020641	Farrah Fuentes	ligula.eu@bibendum.org	Ap #828-973 Eu Rd.	1994-03-04	1629091171399
318202020642	Brendan Patrick	posuere@massarutrum.com	339-6453 Parturient St.	1975-05-23	1665022757999
318202020643	Abdul Weeks	mi.lacinia@faucibusid.edu	P.O. Box 961, 5417 Et, Road	1964-08-17	1690122248899
318202020644	Clinton Horn	ac.mattis.ornare@adipiscingenimmi.co.uk	625-8891 In, Avenue	1968-05-16	1667010394599
318202020645	Seth Palmer	tortor.at@tristiqueneque.com	Ap #917-2982 Tincidunt Avenue	1978-11-03	1647032006599
318202020646	Laura Gould	pulvinar.arcu.et@sitametdiam.net	284-4386 Nunc Avenue	1960-09-07	1662060332999
318202020647	Shellie Dunn	sed.facilisis@fermentumrisus.com	877-8871 Donec Ave	1997-11-02	1602050125999
318202020648	Yvette Yates	sagittis@nibhQuisque.com	Ap #130-8688 Justo. Road	1997-09-01	1657052134999
318202020649	Jacqueline Mullen	lacus@DonecnibhQuisque.ca	857-7197 Augue St.	1966-03-01	1625092210699
318202020650	Natalie Greer	Aliquam@dignissimtemporarcu.co.uk	Ap #497-4295 Mauris Street	1961-08-15	1616031100099
318202020651	Armand Lancaster	auctor.non@ipsumnunc.ca	3188 Auctor Rd.	1997-05-01	1633102164699
318202020652	Hanna Fulton	id@faucibusorciluctus.ca	140-1896 Dignissim St.	1999-05-28	1691030284899
318202020653	Yvette Allen	porttitor@arcu.org	885 Cras St.	1976-11-16	1659092052899
318202020654	Quon Molina	erat@Crasegetnisi.ca	1497 Curae; Street	1989-03-14	1675103059499
318202020655	Meredith Paul	urna.Nullam@loremtristiquealiquet.edu	P.O. Box 705, 6911 Natoque Rd.	1974-02-02	1640010105099
318202020656	Alana Taylor	ipsum.Curabitur.consequat@tacitisociosquad.edu	936-806 Aliquam Av.	1976-06-01	1666080275499
318202020657	Ariana Duffy	magna@neque.org	P.O. Box 906, 2305 Felis. Street	1993-08-23	1656052310399
318202020658	Britanney Dejesus	ipsum.primis.in@semvitaealiquam.edu	Ap #821-3741 Enim. St.	1992-06-03	1618111327599
318202020659	Denton Bernard	aliquet@Sedet.co.uk	951-8015 Cubilia Av.	1999-01-10	1617111127999
318202020660	Phelan Collier	lacus.Etiam.bibendum@vulputateeuodio.net	P.O. Box 413, 4420 Aliquet Avenue	1963-10-14	1627121493199
318202020661	Oleg Yates	tempor@vestibulum.com	P.O. Box 158, 8107 Vel Ave	1978-04-16	1676010930899
318202020662	Madeson Kirkland	mattis.Cras@porttitorvulputateposuere.edu	9051 Amet, St.	1980-09-17	1642122800799
318202020663	Fletcher Munoz	ultricies.sem.magna@vel.com	104-9190 Blandit St.	1985-04-15	1685092542699
318202020664	Savannah Mays	purus.mauris@dictumProin.com	597-882 Aenean Rd.	1967-10-07	1679021592899
318202020665	Shaine Davidson	purus@auguemalesuada.co.uk	P.O. Box 472, 7335 Malesuada Avenue	1970-03-27	1699030476999
318202020666	Leo Hodges	id.mollis.nec@euismod.org	3248 Nec Avenue	1984-09-22	1605042589699
318202020667	Avye Young	sem.magna.nec@sem.com	925-1823 Duis Rd.	1979-10-13	1600082514699
318202020668	Bruno Schroeder	est@tellus.net	7249 Nullam Avenue	1981-05-09	1674121170799
318202020669	Leilani Freeman	luctus.Curabitur@afacilisisnon.net	P.O. Box 669, 5251 Pellentesque, Rd.	1961-12-30	1621012158099
318202020670	Isaac Clark	blandit.enim@adipiscingfringilla.co.uk	992-4508 Nec, Rd.	1981-05-18	1678110538699
318202020671	Lillith Bolton	mauris.ut.mi@mauriserat.co.uk	3041 Enim Road	1969-06-17	1626111570699
318202020672	Mollie Diaz	faucibus.lectus@anteipsumprimis.com	P.O. Box 903, 4257 Fringilla St.	1986-06-19	1669122506399
318202020673	Selma Contreras	Phasellus.ornare.Fusce@dictumsapien.org	4555 Suspendisse Street	1976-11-12	1636020815799
318202020674	Kelsie Finley	Sed@vulputateveliteu.ca	P.O. Box 825, 5793 Donec St.	1971-12-04	1637082965699
318202020675	Jada Holder	enim.Etiam@consectetueradipiscingelit.com	Ap #167-3211 Suspendisse St.	1990-08-21	1612030720599
318202020676	Reuben Paul	lobortis.mauris@Integervitaenibh.edu	P.O. Box 411, 5697 Metus St.	1988-03-19	1644092302499
318202020677	Hammett Spence	varius.orci.in@Aliquamauctor.com	203-3696 Mi Street	1962-12-01	1649031595499
318202020678	Mufutau Dotson	nibh.Phasellus.nulla@Maecenasornareegestas.co.uk	737-7713 Velit St.	1995-12-10	1621111460199
318202020679	Joel Dunn	vel.nisl.Quisque@Aeneanegetmetus.edu	P.O. Box 659, 1975 Dapibus St.	1981-11-11	1694042602799
318202020680	Kasimir Suarez	est@Aliquamornare.co.uk	120-5608 Phasellus Ave	1987-07-30	1652111312799
318202020681	Byron Daniel	a.magna@tempus.co.uk	2819 Dui Road	1973-02-13	1619030896499
318202020682	Daquan Allison	vitae@felis.co.uk	4890 Vel, Road	1964-12-01	1675012352599
318202020683	Malachi Valencia	at.iaculis@acturpisegestas.co.uk	6565 Taciti Street	1960-03-15	1609082754799
318202020684	Coby Hess	Aenean.eget.magna@Sednecmetus.ca	9822 Molestie Avenue	1973-03-15	1654090257999
318202020685	Wallace Meyer	molestie.pharetra@libero.ca	6648 Mauris Av.	1998-01-23	1642040293799
318202020686	Astra Conrad	luctus.ipsum.leo@ornare.edu	Ap #842-997 Ipsum Rd.	1982-04-22	1627031961299
318202020687	Harriet William	Morbi.sit.amet@Aliquamfringilla.net	P.O. Box 566, 6006 Arcu. Rd.	1966-11-01	1630071808499
318202020688	Zane Reeves	sem.Nulla.interdum@Sed.net	P.O. Box 440, 2466 Est, Street	1960-11-05	1635011370599
318202020689	Alana Joyce	Vestibulum.accumsan.neque@quis.edu	Ap #518-5064 Pellentesque. Av.	1986-08-30	1606020634899
318202020690	Josephine Chase	dui.in@venenatis.com	P.O. Box 411, 7081 Erat. Av.	1969-09-28	1651061052099
318202020691	Illana Oneal	nec@orcilacus.com	P.O. Box 958, 4404 Ridiculus Ave	1986-09-02	1658031833699
318202020692	Lysandra Hodge	Phasellus.libero.mauris@neceuismod.ca	974-1960 Eu Ave	1968-12-18	1697112759999
318202020693	Ora Salas	fringilla@musProinvel.co.uk	6435 Nam St.	1971-07-04	1660092767099
318202020694	Bernard Joyner	turpis.Aliquam.adipiscing@congueturpis.co.uk	548-6881 Amet Road	1981-10-16	1631101504299
318202020695	Kane Jefferson	purus.sapien@elitpharetra.net	7080 Non, St.	1993-09-08	1656060361499
318202020696	Hashim Cantu	Fusce.dolor.quam@odio.com	4919 Eleifend. St.	1995-02-16	1652010446299
318202020697	Sara Boyle	sed@loremfringilla.net	Ap #501-6727 Vitae Street	1991-04-01	1643020123699
318202020698	Leilani Larsen	conubia.nostra@vitae.co.uk	P.O. Box 155, 6019 Arcu Road	1985-05-16	1633012601699
1404514045	mcd@mcd.com	Ronald McDonald	\N	1400-04-05	02114045
\.


--
-- Data for Name: petugas; Type: TABLE DATA; Schema: bikesharing; Owner: db2018001
--

COPY bikesharing.petugas (ktp, gaji) FROM stdin;
318202020669	390000
318202020684	210000
318202020696	120000
318202020673	720000
318202020683	180000
318202020686	210000
318202020698	240000
318202020685	150000
318202020679	360000
318202020693	210000
318202020688	150000
318202020681	90000
318202020694	120000
318202020690	180000
318202020695	300000
318202020687	210000
318202020697	300000
318202020675	30000
318202020678	150000
318202020691	150000
318202020670	90000
318202020674	210000
318202020671	60000
318202020672	60000
318202020676	210000
318202020680	180000
318202020692	60000
318202020677	270000
318202020689	120000
318202020682	60000
\.


--
-- Data for Name: sepeda; Type: TABLE DATA; Schema: bikesharing; Owner: db2018001
--

COPY bikesharing.sepeda (nomor, merk, jenis, status, id_stasiun, no_kartu_penyumbang) FROM stdin;
1	United	Onthel	f	19	1234567929
2	Pyramid	Balap	t	4	1234567916
3	Polygon	Onthel	f	14	1234567936
4	Pyramid	Onthel	t	6	1234567922
5	Cube	Lipat	f	2	1234567933
6	Family	Fixie	t	3	1234567907
7	Cube	Fixie	f	10	1234567893
8	Family	Fixie	f	17	1234567906
9	Polygon	Balap	f	1	1234567954
10	Circle	BMX	f	18	1234567902
11	Pyramid	Gunung	f	16	1234567947
12	Cube	Gunung	t	8	1234567910
13	Pyramid	Balap	t	3	1234567931
14	Pyramid	BMX	t	7	1234567953
15	Family	Onthel	f	17	1234567899
16	Cube	Onthel	f	9	1234567944
17	Polygon	BMX	f	19	1234567908
18	Circle	Onthel	t	13	1234567937
19	Cube	Lipat	t	4	1234567952
20	Polygon	Gunung	f	19	1234567909
21	Cube	BMX	t	7	1234567951
22	United	Balap	f	17	1234567955
23	Cube	Fixie	f	1	1234567957
24	Cube	Lipat	f	10	1234567905
25	Pyramid	BMX	t	8	1234567945
26	United	Gunung	f	1	1234567894
27	Circle	Lipat	f	6	1234567940
28	Family	Lipat	t	15	1234567890
29	Circle	Fixie	f	5	1234567919
30	Polygon	Fixie	f	11	1234567897
31	United	Balap	f	13	1234567918
32	United	Fixie	f	7	1234567926
33	Polygon	Onthel	f	4	1234567949
34	Polygon	BMX	t	20	1234567932
35	Pyramid	Gunung	f	18	1234567912
36	Circle	BMX	t	13	1234567938
37	Cube	BMX	f	18	1234567943
38	Circle	Lipat	f	9	1234567956
39	Polygon	BMX	t	8	1234567911
40	Cube	Lipat	t	16	1234567946
41	Cube	Lipat	t	3	1234567935
42	Family	Gunung	t	2	1234567903
43	Circle	Onthel	t	12	1234567921
44	Family	Gunung	t	14	1234567904
45	Family	Fixie	t	11	1234567959
46	Cube	Balap	t	12	1234567925
47	Cube	Balap	t	15	1234567924
48	United	Gunung	t	9	1234567915
49	Cube	Balap	t	5	1234567927
50	United	Fixie	t	5	1234567941
14045	McDonalds	Sepeda Mekdi	t	ST14045	TEST14045
\.


--
-- Data for Name: stasiun; Type: TABLE DATA; Schema: bikesharing; Owner: db2018001
--

COPY bikesharing.stasiun (id_stasiun, alamat, lat, long, nama) FROM stdin;
1	233-8113 Non, Rd.	39.8641205	156.752563	Stasiun Sepeda
2	9246 Fusce St.	-32.3316383	-121.046959	Stasiun Bike
3	7728 Dapibus Street	-84.4848938	81.7923203	Stasiun Kolo
4	527-2660 Convallis Road	-7.40561008	154.613556	Stasiun Jajeongeo
5	4758 Lacinia St.	84.0969772	-29.3123894	Stasiun Velosiped
6	137-9381 Leo. Street	-70.9378128	-96.2331619	Stasiun Sykkel
7	P.O. Box 518, 9024 Cras Av.	34.4913406	-147.950546	Stasiun Fiets
8	877-6766 Integer Av.	-46.0360603	19.8460007	Stasiun Biciklo
9	P.O. Box 911, 5590 Risus. St.	72.8999786	-177.658569	Stasiun Pahikara
10	7707 Ac St.	-52.38694	67.2823563	Stasiun Bisiklet
11	546-5496 Dictum Street	10.2278099	139.040787	Stasiun Xe Dap
12	424-1103 Dolor Rd.	-79.6130981	77.4130173	Stasiun Keke
13	838-1784 Posuere, Avenue	18.5349903	-138.612656	Stasiun Thseb Tuam
14	7690 Risus St.	-15.74156	174.833984	Stasiun Zixingche
15	P.O. Box 729, 3629 Egestas Rd.	-81.2664108	72.1906128	Stasiun Beic
16	334-8706 Sodales St.	0.118340001	89.1796799	Stasiun Rothar
17	Ap #242-4889 Fusce Avenue	-23.89254	-25.4202995	Stasiun Rower
18	P.O. Box 945, 849 Tellus Street	-14.6647797	-94.5348663	Stasiun Pyora
19	P.O. Box 369, 6492 Nulla Street	-78.4560471	92.1707993	Stasiun Fahrrad
20	P.O. Box 133, 6599 Dui, Ave	45.9479599	143.757965	Stasiun Podilato
ST14045	Jalan Hj.Mekdi	\N	\N	Stasiun Mekdi Jaya
\.


--
-- Data for Name: transaksi; Type: TABLE DATA; Schema: bikesharing; Owner: db2018001
--

COPY bikesharing.transaksi (no_kartu_anggota, date_time, jenis, nominal) FROM stdin;
1234567919	2018-08-02 10:32:48	Bayar sewa	512898
1234567942	2018-01-26 00:39:23	Bayar sewa	807134
1234567915	2018-09-20 21:40:28	Bayar sewa	187137
1234567943	2018-01-14 23:42:41	Bayar sewa	796918
1234567898	2017-12-11 18:39:11	Bayar sewa	175953
1234567932	2019-04-08 08:06:18	Bayar sewa	200907
1234567928	2018-05-19 05:09:55	Bayar sewa	503335
1234567924	2018-03-13 22:36:25	Bayar sewa	447125
1234567905	2017-10-30 14:52:04	Bayar sewa	343924
1234567940	2018-10-24 12:43:24	Bayar sewa	896399
1234567931	2017-06-18 07:25:31	Bayar sewa	402394
1234567954	2018-06-17 20:36:48	Bayar sewa	30062
1234567926	2018-02-10 21:21:21	Bayar sewa	556343
1234567933	2017-06-07 20:32:51	Bayar sewa	447868
1234567892	2017-05-04 15:29:35	Bayar sewa	144029
1234567917	2019-04-09 08:25:20	Bayar sewa	546546
1234567898	2018-10-22 07:20:57	Bayar sewa	912013
1234567941	2017-06-19 12:12:28	Bayar sewa	923000
1234567949	2019-02-27 07:30:26	Bayar sewa	326205
1234567952	2017-08-27 01:23:40	Bayar sewa	29628
1234567900	2017-11-25 02:31:39	Bayar sewa	122095
1234567896	2019-03-10 13:05:05	Bayar sewa	699742
1234567909	2017-12-23 05:58:19	Bayar sewa	492431
1234567942	2018-08-15 17:38:55	Bayar sewa	520690
1234567899	2019-01-30 11:15:10	Bayar sewa	318645
1234567942	2017-11-26 03:35:54	Bayar sewa	295615
1234567905	2017-05-14 09:25:30	Bayar sewa	901027
1234567940	2018-06-04 05:05:37	Bayar sewa	744437
1234567945	2017-08-10 10:23:04	Bayar sewa	837590
1234567954	2018-11-07 09:32:57	Bayar sewa	317827
1234567940	2019-03-18 12:25:47	Bayar sewa	709876
1234567928	2018-05-08 10:34:35	Bayar sewa	181205
1234567910	2018-11-15 15:57:42	Bayar denda	692435
1234567934	2018-08-25 03:26:30	Bayar denda	169242
1234567936	2018-02-17 17:00:33	Bayar denda	30448
1234567911	2018-07-06 21:51:48	Bayar denda	490876
1234567899	2017-07-05 21:43:23	Bayar denda	457047
1234567942	2018-01-13 05:25:03	Bayar denda	669058
1234567911	2018-08-03 10:45:33	Bayar denda	771856
1234567901	2019-03-09 23:47:16	Bayar denda	812046
1234567954	2017-09-29 04:32:17	Bayar denda	56135
1234567901	2017-12-21 12:17:54	Bayar denda	547575
1234567937	2018-09-05 12:20:43	Bayar denda	418872
1234567896	2018-12-22 04:52:10	Bayar denda	303927
1234567948	2018-01-22 00:37:38	Bayar denda	965763
1234567898	2019-01-12 23:48:29	Bayar denda	499310
1234567901	2019-03-30 09:54:27	Bayar denda	360032
1234567897	2018-12-17 01:17:41	Bayar denda	410041
1234567890	2018-07-20 03:22:42	Bayar denda	625357
1234567916	2017-06-12 07:37:29	Bayar denda	990365
1234567932	2017-08-13 01:35:02	Bayar denda	363738
1234567902	2018-07-13 14:57:21	Bayar denda	616927
1234567952	2019-02-21 01:22:19	Bayar denda	995947
1234567912	2018-09-22 09:25:14	Bayar denda	969079
1234567932	2018-06-05 16:10:07	Bayar denda	475221
1234567922	2017-07-25 20:53:18	Bayar denda	923944
1234567899	2018-10-17 17:14:44	Bayar denda	931006
1234567938	2018-06-12 02:07:36	Bayar denda	869169
1234567939	2018-04-18 18:22:59	Bayar denda	743710
1234567957	2018-01-16 11:47:44	Bayar denda	795324
1234567954	2019-03-29 19:31:52	Bayar denda	992206
1234567959	2018-02-21 06:16:02	Bayar denda	785703
1234567911	2019-02-07 19:25:33	Bayar denda	130179
1234567910	2018-05-28 23:01:51	Bayar denda	146375
1234567939	2017-05-13 20:37:18	Bayar denda	397659
1234567925	2017-07-14 20:47:40	Top up	716879
1234567910	2018-06-01 04:50:08	Top up	52831
1234567944	2017-07-20 09:28:05	Top up	284091
1234567896	2018-03-12 07:04:32	Top up	765346
1234567953	2018-02-06 00:20:21	Top up	917648
1234567936	2018-10-22 02:48:21	Top up	562796
1234567911	2017-09-08 05:23:00	Top up	790769
1234567957	2018-11-22 18:57:59	Top up	737466
1234567950	2017-07-10 11:42:39	Top up	861352
1234567911	2017-07-07 06:54:50	Top up	71538
1234567941	2018-09-24 18:48:02	Top up	541456
1234567903	2018-03-19 22:34:23	Top up	327557
1234567921	2018-01-19 12:43:17	Top up	854340
1234567901	2018-04-28 00:35:15	Top up	816642
1234567935	2018-04-16 00:43:12	Top up	234326
1234567927	2018-08-25 03:40:50	Top up	544022
1234567919	2018-09-26 02:32:00	Top up	323893
1234567903	2019-02-27 10:32:28	Top up	630810
1234567924	2018-07-23 06:54:42	Top up	567990
1234567906	2018-01-15 15:37:00	Top up	22040
1234567890	2017-08-11 07:59:03	Top up	711734
1234567894	2017-10-04 03:12:21	Top up	200550
1234567920	2019-01-04 14:24:10	Top up	656778
1234567902	2019-01-17 06:48:23	Top up	134367
1234567956	2018-05-20 06:53:43	Top up	759692
1234567901	2018-04-06 08:30:58	Top up	779043
1234567899	2017-06-26 01:56:04	Top up	458148
1234567898	2018-02-24 00:15:47	Top up	526140
1234567932	2017-11-16 14:49:31	Top up	898336
1234567940	2017-08-24 05:26:20	Top up	394677
1234567899	2018-01-23 07:13:09	Top up	10579
1234567915	2018-12-23 14:20:51	Top up	648708
1234567896	2017-05-07 23:56:09	Top up	369257
1234567895	2018-10-10 12:42:27	Top up	327617
1234567924	2019-04-02 11:58:49	Top up	317980
1234567948	2019-05-05 08:00:00	Top up	10000
1234567948	2019-05-05 09:00:00	Bayar sewa	10000
\.


--
-- Data for Name: transaksi_khusus_peminjaman; Type: TABLE DATA; Schema: bikesharing; Owner: db2018001
--

COPY bikesharing.transaksi_khusus_peminjaman (no_kartu_anggota, date_time, no_kartu_peminjam, datetime_pinjam, no_sepeda, id_stasiun) FROM stdin;
1234567957	2018-11-22 18:57:59	1234567945	2019-07-17 18:58:43	24	2
1234567940	2017-08-24 05:26:20	1234567916	2019-12-10 03:01:20	49	3
1234567902	2018-07-13 14:57:21	1234567892	2019-07-05 04:27:30	20	4
1234567944	2017-07-20 09:28:05	1234567918	2019-08-22 10:33:55	23	5
1234567931	2017-06-18 07:25:31	1234567950	2019-06-16 03:12:54	33	7
1234567943	2018-01-14 23:42:41	1234567952	2019-10-18 11:18:28	15	19
1234567954	2018-06-17 20:36:48	1234567931	2019-06-11 10:34:54	18	7
1234567898	2019-01-12 23:48:29	1234567942	2019-10-31 13:50:26	47	13
1234567919	2018-09-26 02:32:00	1234567915	2019-06-26 10:55:55	44	5
1234567952	2017-08-27 01:23:40	1234567904	2019-04-24 22:48:43	31	17
1234567898	2018-02-24 00:15:47	1234567920	2019-11-02 01:46:40	22	3
1234567932	2017-08-13 01:35:02	1234567906	2019-07-15 20:40:40	28	19
1234567906	2018-01-15 15:37:00	1234567891	2019-05-25 20:05:50	13	8
1234567910	2018-06-01 04:50:08	1234567951	2019-08-04 22:28:32	34	13
1234567901	2019-03-30 09:54:27	1234567905	2019-11-26 10:20:44	17	6
1234567896	2017-05-07 23:56:09	1234567945	2019-07-17 18:58:43	24	2
1234567911	2019-02-07 19:25:33	1234567930	2019-12-25 19:13:45	10	8
1234567896	2019-03-10 13:05:05	1234567929	2019-10-29 21:40:33	25	7
1234567911	2018-08-03 10:45:33	1234567896	2019-11-06 15:53:56	4	17
1234567939	2018-04-18 18:22:59	1234567926	2019-08-31 16:41:12	27	10
1234567901	2018-04-06 08:30:58	1234567959	2019-04-21 12:39:05	43	4
1234567954	2019-03-29 19:31:52	1234567912	2019-08-24 05:23:44	14	15
1234567898	2017-12-11 18:39:11	1234567953	2019-09-30 06:31:08	35	16
1234567924	2018-03-13 22:36:25	1234567896	2019-11-06 15:53:56	4	17
1234567903	2018-03-19 22:34:23	1234567894	2019-09-05 12:03:40	6	2
1234567935	2018-04-16 00:43:12	1234567920	2019-11-02 01:46:40	22	3
1234567902	2019-01-17 06:48:23	1234567928	2019-08-14 23:38:27	32	18
1234567915	2018-09-20 21:40:28	1234567915	2019-06-26 10:55:55	44	5
1234567925	2017-07-14 20:47:40	1234567931	2019-06-11 10:34:54	18	7
1234567924	2018-07-23 06:54:42	1234567892	2019-07-05 04:27:30	20	4
1234567901	2018-04-28 00:35:15	1234567925	2019-12-05 12:09:20	5	10
1234567919	2018-08-02 10:32:48	1234567913	2019-05-02 15:55:53	2	16
1234567898	2018-10-22 07:20:57	1234567915	2019-06-26 10:55:55	44	5
1234567905	2017-05-14 09:25:30	1234567922	2019-10-13 17:05:22	11	1
1234567905	2017-10-30 14:52:04	1234567930	2019-12-25 19:13:45	10	8
1234567915	2018-12-23 14:20:51	1234567931	2019-06-11 10:34:54	18	7
1234567948	2018-01-22 00:37:38	1234567896	2019-11-06 15:53:56	4	17
1234567897	2018-12-17 01:17:41	1234567922	2019-10-13 17:05:22	11	1
1234567937	2018-09-05 12:20:43	1234567953	2019-09-30 06:31:08	35	16
1234567954	2017-09-29 04:32:17	1234567900	2019-10-08 03:29:08	36	9
\.


--
-- Data for Name: voucher; Type: TABLE DATA; Schema: bikesharing; Owner: db2018001
--

COPY bikesharing.voucher (id_voucher, nama, kategori, nilai_poin, deskripsi, no_kartu_anggota) FROM stdin;
UI7266	A	Makan	415	dolor dapibus gravida. Aliquam tincidunt, nunc ac mattis ornare, lectus	1234567900
TU8208	B	Makan	156	Cras eget nisi dictum augue malesuada malesuada. Integer id magna	1234567922
NA0181	C	Makan	532	ipsum. Phasellus vitae mauris sit amet lorem semper auctor. Mauris	1234567952
WC8126	D	Makan	418	vel, venenatis vel, faucibus id, libero. Donec consectetuer mauris id	1234567921
XN9027	E	Makan	667	at augue id ante dictum cursus. Nunc mauris elit, dictum	1234567929
EK1774	F	Makan	289	Sed nulla ante, iaculis nec, eleifend non, dapibus rutrum, justo.	1234567942
WP6638	G	Makan	958	et pede. Nunc sed orci lobortis augue scelerisque mollis. Phasellus	1234567920
VH3568	H	Makan	901	ac urna. Ut tincidunt vehicula risus. Nulla eget metus eu	1234567927
JT9462	I	Karaoke	862	eros turpis non enim. Mauris quis turpis vitae purus gravida	1234567944
DD2353	J	Karaoke	481	cursus. Nunc mauris elit, dictum eu, eleifend nec, malesuada ut,	1234567891
IM9645	K	Karaoke	274	ac, eleifend vitae, erat. Vivamus nisi. Mauris nulla. Integer urna.	1234567948
WH1783	L	Karaoke	228	egestas a, scelerisque sed, sapien. Nunc pulvinar arcu et pede.	1234567924
HU6121	M	Karaoke	783	eu turpis. Nulla aliquet. Proin velit. Sed malesuada augue ut	1234567959
RV8055	N	Karaoke	499	nisi. Cum sociis natoque penatibus et magnis dis parturient montes,	1234567904
KF0487	O	Karaoke	891	Donec luctus aliquet odio. Etiam ligula tortor, dictum eu, placerat	1234567913
DB2571	P	Karaoke	937	convallis ligula. Donec luctus aliquet odio. Etiam ligula tortor, dictum	1234567909
YY9969	Q	Karaoke	825	eget metus. In nec orci. Donec nibh. Quisque nonummy ipsum	1234567927
YN6131	R	Karaoke	780	ornare, lectus ante dictum mi, ac mattis velit justo nec	1234567944
AL0721	S	Wisata	613	eu eros. Nam consequat dolor vitae dolor. Donec fringilla. Donec	1234567891
CY8677	T	Wisata	671	et netus et malesuada fames ac turpis egestas. Fusce aliquet	1234567950
NT6723	U	Wisata	297	Nunc mauris elit, dictum eu, eleifend nec, malesuada ut, sem.	1234567954
DG7096	V	Wisata	224	dui. Cras pellentesque. Sed dictum. Proin eget odio. Aliquam vulputate	1234567915
PG8264	W	Wisata	485	cursus luctus, ipsum leo elementum sem, vitae aliquam eros turpis	1234567892
JK6417	X	Wisata	907	et, euismod et, commodo at, libero. Morbi accumsan laoreet ipsum.	1234567907
JB6339	Y	Wisata	501	ornare, libero at auctor ullamcorper, nisl arcu iaculis enim, sit	1234567906
FS7729	Z	Wisata	126	aliquet. Proin velit. Sed malesuada augue ut lacus. Nulla tincidunt,	1234567945
OF2451	AA	Wisata	757	aliquet molestie tellus. Aenean egestas hendrerit neque. In ornaresagittis	1234567926
OX8316	AB	Wisata	61	magna. Lorem ipsum dolor sit amet, consectetuer adipiscing elit. Etiam	1234567919
GE7919	AC	Main	479	sapien, gravida non, sollicitudin a, malesuada id, erat. Etiam vestibulum	1234567894
HC1743	AD	Main	89	porttitor tellus non magna. Nam ligula elit, pretium et, rutrum	1234567951
GH4057	AE	Main	103	est arcu ac orci. Ut semper pretium neque. Morbi quis	1234567928
DQ7395	BB	Main	185	dignissim lacus. Aliquam rutrum lorem ac risus. Morbi metus. Vivamus	1234567918
VS9777	BA	Main	257	auctor quis, tristique ac, eleifend vitae, erat. Vivamus nisi. Mauris	1234567912
MY8190	BC	Main	811	fermentum metus. Aenean sed pede nec ante blandit viverra. Donec	1234567923
XD9870	BD	Main	944	sociis natoque penatibus et magnis dis parturient montes, nascetur ridiculus	1234567935
GA5239	BE	Main	194	a, malesuada id, erat. Etiam vestibulum massa rutrum magna. Cras	1234567926
NH6230	CC	Main	699	lectus ante dictum mi, ac mattis velit justo nec ante.	1234567919
JZ7989	CA	Main	464	mus. Proin vel nisl. Quisque fringilla euismod enim. Etiam gravida	1234567894
OX6133	CB	Free Ride	154	ut nisi a odio semper cursus. Integer mollis. Integer tincidunt	1234567944
DV6216	CD	Free Ride	327	turpis nec mauris blandit mattis. Cras eget nisi dictum augue	1234567891
TU1693	CE	Free Ride	73	non magna. Nam ligula elit, pretium et, rutrum non, hendrerit	1234567948
BQ8013	DD	Free Ride	213	Nulla dignissim. Maecenas ornare egestas ligula. Nullam feugiat velit.	1234567924
PA0842	DA	Free Ride	916	vestibulum, neque sed dictum eleifend, nunc risus varius orci, in	1234567959
GS6489	DB	Free Ride	389	at, egestas a, scelerisque sed, sapien. Nunc pulvinar arcu et	1234567904
WO7675	DC	Free Ride	798	ac, feugiat non, lobortis quis, pede. Suspendisse dui. Fusce diam	1234567951
OR1363	EE	Free Ride	306	Duis dignissim tempor arcu. Vestibulum ut eros non enim commodo	1234567928
AJ9161	EA	Free Ride	743	vel, faucibus id, libero. Donec consectetuer mauris id sapien. Cras	1234567918
AF7269	EB	Free Ride	60	magna. Suspendisse tristique neque venenatis lacus. Etiam bibendum.	1234567912
IL3870	EC	Free Ride	879	Nunc ut erat. Sed nunc est, mollis non, cursus non,	1234567923
OJ0495	ED	Free Ride	425	fringilla ornare placerat, orci lacus vestibulum lorem, ultricies	1234567935
TEST123	Voucher MAP	Makan	200	sit dolor murah amet	1234567948
\.


--
-- Name: acara acara_pkey; Type: CONSTRAINT; Schema: bikesharing; Owner: db2018001
--

ALTER TABLE ONLY bikesharing.acara
    ADD CONSTRAINT acara_pkey PRIMARY KEY (id_acara);


--
-- Name: acara_stasiun acara_stasiun_pkey; Type: CONSTRAINT; Schema: bikesharing; Owner: db2018001
--

ALTER TABLE ONLY bikesharing.acara_stasiun
    ADD CONSTRAINT acara_stasiun_pkey PRIMARY KEY (id_stasiun, id_acara);


--
-- Name: anggota anggota_pkey; Type: CONSTRAINT; Schema: bikesharing; Owner: db2018001
--

ALTER TABLE ONLY bikesharing.anggota
    ADD CONSTRAINT anggota_pkey PRIMARY KEY (no_kartu);


--
-- Name: laporan laporan_pkey; Type: CONSTRAINT; Schema: bikesharing; Owner: db2018001
--

ALTER TABLE ONLY bikesharing.laporan
    ADD CONSTRAINT laporan_pkey PRIMARY KEY (id_laporan, no_kartu_anggota, datetime_pinjam, nomor_sepeda, id_stasiun);


--
-- Name: peminjaman peminjaman_pkey; Type: CONSTRAINT; Schema: bikesharing; Owner: db2018001
--

ALTER TABLE ONLY bikesharing.peminjaman
    ADD CONSTRAINT peminjaman_pkey PRIMARY KEY (no_kartu_anggota, datetime_pinjam, nomor_sepeda, id_stasiun);


--
-- Name: penugasan penugasan_pkey; Type: CONSTRAINT; Schema: bikesharing; Owner: db2018001
--

ALTER TABLE ONLY bikesharing.penugasan
    ADD CONSTRAINT penugasan_pkey PRIMARY KEY (ktp, start_datetime, id_stasiun);


--
-- Name: person person_email_key; Type: CONSTRAINT; Schema: bikesharing; Owner: db2018001
--

ALTER TABLE ONLY bikesharing.person
    ADD CONSTRAINT person_email_key UNIQUE (email);


--
-- Name: person person_pkey; Type: CONSTRAINT; Schema: bikesharing; Owner: db2018001
--

ALTER TABLE ONLY bikesharing.person
    ADD CONSTRAINT person_pkey PRIMARY KEY (ktp);


--
-- Name: petugas petugas_pkey; Type: CONSTRAINT; Schema: bikesharing; Owner: db2018001
--

ALTER TABLE ONLY bikesharing.petugas
    ADD CONSTRAINT petugas_pkey PRIMARY KEY (ktp);


--
-- Name: sepeda sepeda_pkey; Type: CONSTRAINT; Schema: bikesharing; Owner: db2018001
--

ALTER TABLE ONLY bikesharing.sepeda
    ADD CONSTRAINT sepeda_pkey PRIMARY KEY (nomor);


--
-- Name: stasiun stasiun_pkey; Type: CONSTRAINT; Schema: bikesharing; Owner: db2018001
--

ALTER TABLE ONLY bikesharing.stasiun
    ADD CONSTRAINT stasiun_pkey PRIMARY KEY (id_stasiun);


--
-- Name: transaksi_khusus_peminjaman transaksi_khusus_peminjaman_pkey; Type: CONSTRAINT; Schema: bikesharing; Owner: db2018001
--

ALTER TABLE ONLY bikesharing.transaksi_khusus_peminjaman
    ADD CONSTRAINT transaksi_khusus_peminjaman_pkey PRIMARY KEY (no_kartu_anggota, date_time);


--
-- Name: transaksi transaksi_pkey; Type: CONSTRAINT; Schema: bikesharing; Owner: db2018001
--

ALTER TABLE ONLY bikesharing.transaksi
    ADD CONSTRAINT transaksi_pkey PRIMARY KEY (no_kartu_anggota, date_time);


--
-- Name: voucher voucher_pkey; Type: CONSTRAINT; Schema: bikesharing; Owner: db2018001
--

ALTER TABLE ONLY bikesharing.voucher
    ADD CONSTRAINT voucher_pkey PRIMARY KEY (id_voucher);


--
-- Name: voucher kurang_poin_trigger; Type: TRIGGER; Schema: bikesharing; Owner: db2018001
--

CREATE TRIGGER kurang_poin_trigger BEFORE INSERT ON bikesharing.voucher FOR EACH ROW EXECUTE PROCEDURE bikesharing.kurang_poin();


--
-- Name: peminjaman tambah_poin_trigger; Type: TRIGGER; Schema: bikesharing; Owner: db2018001
--

CREATE TRIGGER tambah_poin_trigger BEFORE INSERT ON bikesharing.peminjaman FOR EACH ROW EXECUTE PROCEDURE bikesharing.tambah_poin();


--
-- Name: peminjaman update_denda_trigger; Type: TRIGGER; Schema: bikesharing; Owner: db2018001
--

CREATE TRIGGER update_denda_trigger BEFORE INSERT ON bikesharing.peminjaman FOR EACH ROW EXECUTE PROCEDURE bikesharing.update_denda();


--
-- Name: transaksi update_saldo_trigger; Type: TRIGGER; Schema: bikesharing; Owner: db2018001
--

CREATE TRIGGER update_saldo_trigger BEFORE INSERT ON bikesharing.transaksi FOR EACH ROW EXECUTE PROCEDURE bikesharing.update_saldo();


--
-- Name: acara_stasiun acara_stasiun_id_acara_fkey; Type: FK CONSTRAINT; Schema: bikesharing; Owner: db2018001
--

ALTER TABLE ONLY bikesharing.acara_stasiun
    ADD CONSTRAINT acara_stasiun_id_acara_fkey FOREIGN KEY (id_acara) REFERENCES bikesharing.acara(id_acara) ON UPDATE CASCADE ON DELETE CASCADE;


--
-- Name: acara_stasiun acara_stasiun_id_stasiun_fkey; Type: FK CONSTRAINT; Schema: bikesharing; Owner: db2018001
--

ALTER TABLE ONLY bikesharing.acara_stasiun
    ADD CONSTRAINT acara_stasiun_id_stasiun_fkey FOREIGN KEY (id_stasiun) REFERENCES bikesharing.stasiun(id_stasiun) ON UPDATE CASCADE ON DELETE CASCADE;


--
-- Name: anggota anggota_ktp_fkey; Type: FK CONSTRAINT; Schema: bikesharing; Owner: db2018001
--

ALTER TABLE ONLY bikesharing.anggota
    ADD CONSTRAINT anggota_ktp_fkey FOREIGN KEY (ktp) REFERENCES bikesharing.person(ktp) ON UPDATE CASCADE ON DELETE CASCADE;


--
-- Name: laporan laporan_no_kartu_anggota_fkey; Type: FK CONSTRAINT; Schema: bikesharing; Owner: db2018001
--

ALTER TABLE ONLY bikesharing.laporan
    ADD CONSTRAINT laporan_no_kartu_anggota_fkey FOREIGN KEY (no_kartu_anggota, datetime_pinjam, nomor_sepeda, id_stasiun) REFERENCES bikesharing.peminjaman(no_kartu_anggota, datetime_pinjam, nomor_sepeda, id_stasiun) ON UPDATE CASCADE ON DELETE CASCADE;


--
-- Name: peminjaman peminjaman_id_stasiun_fkey; Type: FK CONSTRAINT; Schema: bikesharing; Owner: db2018001
--

ALTER TABLE ONLY bikesharing.peminjaman
    ADD CONSTRAINT peminjaman_id_stasiun_fkey FOREIGN KEY (id_stasiun) REFERENCES bikesharing.stasiun(id_stasiun) ON UPDATE CASCADE ON DELETE CASCADE;


--
-- Name: peminjaman peminjaman_no_kartu_anggota_fkey; Type: FK CONSTRAINT; Schema: bikesharing; Owner: db2018001
--

ALTER TABLE ONLY bikesharing.peminjaman
    ADD CONSTRAINT peminjaman_no_kartu_anggota_fkey FOREIGN KEY (no_kartu_anggota) REFERENCES bikesharing.anggota(no_kartu) ON UPDATE CASCADE ON DELETE CASCADE;


--
-- Name: peminjaman peminjaman_nomor_sepeda_fkey; Type: FK CONSTRAINT; Schema: bikesharing; Owner: db2018001
--

ALTER TABLE ONLY bikesharing.peminjaman
    ADD CONSTRAINT peminjaman_nomor_sepeda_fkey FOREIGN KEY (nomor_sepeda) REFERENCES bikesharing.sepeda(nomor) ON UPDATE CASCADE ON DELETE CASCADE;


--
-- Name: penugasan penugasan_id_stasiun_fkey; Type: FK CONSTRAINT; Schema: bikesharing; Owner: db2018001
--

ALTER TABLE ONLY bikesharing.penugasan
    ADD CONSTRAINT penugasan_id_stasiun_fkey FOREIGN KEY (id_stasiun) REFERENCES bikesharing.stasiun(id_stasiun) ON UPDATE CASCADE ON DELETE CASCADE;


--
-- Name: penugasan penugasan_ktp_fkey; Type: FK CONSTRAINT; Schema: bikesharing; Owner: db2018001
--

ALTER TABLE ONLY bikesharing.penugasan
    ADD CONSTRAINT penugasan_ktp_fkey FOREIGN KEY (ktp) REFERENCES bikesharing.petugas(ktp) ON UPDATE CASCADE ON DELETE CASCADE;


--
-- Name: petugas petugas_ktp_fkey; Type: FK CONSTRAINT; Schema: bikesharing; Owner: db2018001
--

ALTER TABLE ONLY bikesharing.petugas
    ADD CONSTRAINT petugas_ktp_fkey FOREIGN KEY (ktp) REFERENCES bikesharing.person(ktp) ON UPDATE CASCADE ON DELETE CASCADE;


--
-- Name: sepeda sepeda_id_stasiun_fkey; Type: FK CONSTRAINT; Schema: bikesharing; Owner: db2018001
--

ALTER TABLE ONLY bikesharing.sepeda
    ADD CONSTRAINT sepeda_id_stasiun_fkey FOREIGN KEY (id_stasiun) REFERENCES bikesharing.stasiun(id_stasiun) ON UPDATE CASCADE ON DELETE CASCADE;


--
-- Name: sepeda sepeda_no_kartu_penyumbang_fkey; Type: FK CONSTRAINT; Schema: bikesharing; Owner: db2018001
--

ALTER TABLE ONLY bikesharing.sepeda
    ADD CONSTRAINT sepeda_no_kartu_penyumbang_fkey FOREIGN KEY (no_kartu_penyumbang) REFERENCES bikesharing.anggota(no_kartu) ON UPDATE CASCADE ON DELETE CASCADE;


--
-- Name: transaksi_khusus_peminjaman transaksi_khusus_peminjaman_no_kartu_anggota_fkey; Type: FK CONSTRAINT; Schema: bikesharing; Owner: db2018001
--

ALTER TABLE ONLY bikesharing.transaksi_khusus_peminjaman
    ADD CONSTRAINT transaksi_khusus_peminjaman_no_kartu_anggota_fkey FOREIGN KEY (no_kartu_anggota, date_time) REFERENCES bikesharing.transaksi(no_kartu_anggota, date_time) ON UPDATE CASCADE ON DELETE CASCADE;


--
-- Name: transaksi_khusus_peminjaman transaksi_khusus_peminjaman_no_kartu_peminjam_fkey; Type: FK CONSTRAINT; Schema: bikesharing; Owner: db2018001
--

ALTER TABLE ONLY bikesharing.transaksi_khusus_peminjaman
    ADD CONSTRAINT transaksi_khusus_peminjaman_no_kartu_peminjam_fkey FOREIGN KEY (no_kartu_peminjam, datetime_pinjam, no_sepeda, id_stasiun) REFERENCES bikesharing.peminjaman(no_kartu_anggota, datetime_pinjam, nomor_sepeda, id_stasiun) ON UPDATE CASCADE ON DELETE CASCADE;


--
-- Name: transaksi transaksi_no_kartu_anggota_fkey; Type: FK CONSTRAINT; Schema: bikesharing; Owner: db2018001
--

ALTER TABLE ONLY bikesharing.transaksi
    ADD CONSTRAINT transaksi_no_kartu_anggota_fkey FOREIGN KEY (no_kartu_anggota) REFERENCES bikesharing.anggota(no_kartu) ON UPDATE CASCADE ON DELETE CASCADE;


--
-- Name: voucher voucher_no_kartu_anggota_fkey; Type: FK CONSTRAINT; Schema: bikesharing; Owner: db2018001
--

ALTER TABLE ONLY bikesharing.voucher
    ADD CONSTRAINT voucher_no_kartu_anggota_fkey FOREIGN KEY (no_kartu_anggota) REFERENCES bikesharing.anggota(no_kartu) ON UPDATE CASCADE ON DELETE CASCADE;


--
-- Name: SCHEMA public; Type: ACL; Schema: -; Owner: postgres
--

REVOKE ALL ON SCHEMA public FROM PUBLIC;
REVOKE ALL ON SCHEMA public FROM postgres;
GRANT ALL ON SCHEMA public TO postgres;
GRANT ALL ON SCHEMA public TO PUBLIC;


--
-- PostgreSQL database dump complete
--

